0,snorkeling
1,homes
2,gnome
3,kitchen
4,inverness
5,bernstein
6,winters
7,extensions
8,grenadines
9,hotjobs
10,camel
11,guadeloupe
12,diagram
13,woodworking
14,galileo
15,advent
16,stadium
17,coin
18,darfur
19,grandmother
20,britain
21,dogs
22,runway
23,chassis
24,diapers
25,stadium
26,smartphone
27,lego
28,caffeine
29,dancers
30,encryption
31,helicopter
32,beatles
33,african
34,lubbock
35,rocks
36,corn
37,concept
38,horseback
39,engagements
40,curtains
41,elf
42,trousers
43,collage
44,lilies
45,cosmetics
46,dresses
47,spear
48,dishes
49,jesus
50,auditorium
51,bridal
52,cornwall
53,countryside
54,dorm
55,asin
56,backpacking
57,cathedral
58,candy
59,bridal
60,theater
61,concept
62,mindless
63,table
64,shrubs
65,prizes
66,miguel
67,bangladesh
68,ships
69,lizard
70,guards
71,cosmetics
72,mike
73,concept
74,buckinghamshire
75,krishna
76,lobster
77,white
78,mozart
79,provost
80,orchid
81,ornaments
82,pigeon
83,electricity
84,colorful
85,cats
86,scrapbooking
87,notebooks
88,quest
89,lettering
90,waterfall
91,dentists
92,seated
93,graffiti
94,champagne
95,rotterdam
96,happiness
97,aniston
98,pendants
99,usenet
100,silhouette
101,blackboard
102,dollars
103,yorker
104,landfill
105,letters
106,tigers
107,rocks
108,paintings
109,filming
110,boats
111,westminster
112,cafes
113,tower
114,assists
115,roofing
116,i
117,shoes
118,veterinary
119,cliffs
120,travelling
121,vows
122,schwarzenegger
123,brittany
124,hannover
125,lincoln
126,watercolor
127,scrapbooking
128,memorials
129,potter
130,shakira
131,dogs
132,basement
133,tanning
134,towers
135,workflow
136,jewels
137,handwriting
138,scanners
139,handcrafted
140,clipart
141,clutter
142,lifts
143,nunavut
144,autumn
145,gamefaqs
146,banff
147,sunflower
148,fog
149,crater
150,station
151,porch
152,wolves
153,concept
154,daycare
155,climbed
156,exhibitors
157,stairs
158,nails
159,fires
160,judaism
161,safaris
162,countryside
163,tractors
164,sunglasses
165,fined
166,signage
167,partitions
168,groups
169,basketball
170,softcover
171,extensions
172,weekends
173,concept
174,vail
175,mountains
176,campground
177,pokemon
178,catalogue
179,grandmother
180,waterfront
181,strokes
182,jakarta
183,protesters
184,listing
185,concept
186,table
187,mothers
188,phuket
189,objects
190,asphalt
191,mailing
192,abba
193,cds
194,nuts
195,paintings
196,toolbox
197,amsterdam
198,guitarist
199,wnba
200,picnic
201,florence
202,aircraft
203,red
204,mermaid
205,concept
206,product
207,dior
208,condominium
209,route
210,coke
211,trophy
212,brunette
213,stretches
214,lohan
215,msnbc
216,fires
217,loved
218,condos
219,lighthouse
220,gifts
221,cookbook
222,superannuation
223,suburbs
224,candidates
225,bridges
226,beaches
227,marriage
228,trains
229,parrot
230,sauces
231,caicos
232,forged
233,services
234,signage
235,firefighters
236,chevy
237,drills
238,pasture
239,painting
240,kits
241,cards
242,sleeve
243,minneapolis
244,arch
245,buildings
246,snowmobile
247,sanchez
248,gown
249,berkeley
250,bedrooms
251,brides
252,crab
253,suriname
254,volcano
255,wales
256,hacker
257,businessman
258,weddings
259,spawn
260,sweeping
261,mcmahon
262,mountains
263,intranet
264,colorful
265,fno
266,bizkit
267,tattoos
268,racism
269,prohibited
270,leds
271,poetry
272,stag
273,allergies
274,workgroup
275,videos
276,hare
277,geology
278,concept
279,asin
280,blinds
281,cannes
282,leaflet
283,ashanti
284,highways
285,cottage
286,decorations
287,cliffs
288,grandchildren
289,cafeteria
290,tourists
291,lumber
292,fireplaces
293,quilt
294,marching
295,mask
296,godsmack
297,quilt
298,shenzhen
299,aide
300,banners
301,orchestra
302,ashanti
303,jakarta
304,shells
305,mornings
306,knitting
307,belfast
308,diagrams
309,wires
310,birding
311,filme
312,yellowstone
313,waterfront
314,corridor
315,lettuce
316,moonlight
317,pitching
318,reuters
319,sedona
320,bedrooms
321,tattoos
322,fears
323,party
324,blondes
325,cruises
326,structures
327,chairs
328,chavez
329,skinner
330,mountains
331,clusters
332,sofas
333,cabin
334,turtle
335,siding
336,doors
337,cheese
338,firefighter
339,pinkworld
340,villages
341,lesotho
342,seeds
343,concerts
344,asin
345,bridges
346,chrysler
347,hugs
348,snowmobile
349,geography
350,filme
351,speeches
352,monuments
353,blackjack
354,landscaping
355,kitchen
356,catalogs
357,midwest
358,puppy
359,dealership
360,middleton
361,within
362,roses
363,catering
364,courthouse
365,witch
366,greenhouse
367,bathroom
368,postcard
369,lantern
370,gown
371,milano
372,aliens
373,tattoos
374,iraqis
375,bridges
376,blackpool
377,cathedral
378,concentrating
379,bathroom
380,flames
381,runway
382,squirrel
383,astronomy
384,courthouse
385,couture
386,winters
387,caves
388,earrings
389,workshops
390,photography
391,automobiles
392,downtown
393,sketches
394,grandfather
395,winters
396,turtle
397,cakes
398,quilt
399,aniston
400,pier
401,glasses
402,sulfate
403,statues
404,shenzhen
405,plaque
406,emails
407,rides
408,fishermen
409,darfur
410,elle
411,warehouses
412,brides
413,skincare
414,superman
415,germans
416,spiderman
417,gorillaz
418,rugby
419,gull
420,speeding
421,accessibility
422,inventions
423,vampires
424,driving
425,skiing
426,cookies
427,gloryhole
428,mosque
429,flags
430,cadillac
431,noodles
432,migrants
433,agricultural
434,gown
435,anguilla
436,play
437,brides
438,athens
439,fighters
440,frost
441,faces
442,garment
443,pinball
444,cambridge
445,ordination
446,pathway
447,glitter
448,growth
449,aviation
450,newspaper
451,protesters
452,rabbits
453,solids
454,mechanic
455,greenhouse
456,snorkeling
457,bouquets
458,dancers
459,ornaments
460,clerks
461,sign
462,volkswagen
463,grandparents
464,slash
465,white
466,coyote
467,communism
468,genealogical
469,courier
470,snooker
471,produce
472,horseback
473,tees
474,flags
475,appetizers
476,businessman
477,clouds
478,bed
479,cafe
480,airplanes
481,map
482,playhouse
483,cottages
484,sign
485,pots
486,hyundai
487,canary
488,couples
489,mammals
490,supermarkets
491,shakira
492,lattice
493,cashier
494,beaches
495,flames
496,shropshire
497,fingertips
498,lilies
499,mining
500,gloves
501,quote
502,sturdy
503,poems
504,towing
505,downtown
506,trout
507,dollars
508,philippines
509,weddings
510,tropical
511,academies
512,cottages
513,skull
514,caps
515,cafes
516,supporter
517,fireworks
518,houses
519,flowering
520,motherboard
521,curry
522,apps
523,toddlers
524,peanuts
525,paintings
526,kyoto
527,strawberry
528,letters
529,darkness
530,slider
531,furnishings
532,driving
533,goats
534,ashanti
535,aboriginal
536,boats
537,wikipedia
538,dealership
539,sphere
540,protesters
541,meal
542,charging
543,manchester
544,rowling
545,marriage
546,bridges
547,forever
548,invitations
549,chair
550,worry
551,tomb
552,carving
553,outfits
554,palace
555,businessman
556,timer
557,greatest
558,mansion
559,emirates
560,gifts
561,supporters
562,sunglasses
563,mountains
564,rafting
565,workers
566,posterior
567,secretaries
568,jacket
569,soldiers
570,newswire
571,lohan
572,branches
573,sixth
574,fashions
575,dds
576,chavez
577,trolley
578,mermaid
579,dunes
580,mountains
581,vests
582,hiking
583,forest
584,exhausted
585,classroom
586,oprah
587,flags
588,birthdays
589,infrared
590,lace
591,poster
592,managers
593,watches
594,supermarket
595,fingertips
596,catering
597,waves
598,strictly
599,scouts
600,fishermen
601,families
602,buses
603,sailing
604,hatchback
605,petroleum
606,gown
607,figurines
608,tourists
609,outfits
610,code
611,hehe
612,msnbc
613,feminism
614,handbags
615,aniston
616,monkeys
617,horseback
618,quote
619,goblet
620,libraries
621,pope
622,blondes
623,blackboard
624,mohammed
625,quotes
626,printable
627,soldiers
628,rockport
629,automobile
630,trays
631,tomcat
632,guess
633,tehran
634,headphone
635,colorful
636,motorcycle
637,rainforest
638,berries
639,headache
640,remodeling
641,glacier
642,bulldogs
643,boots
644,discussion
645,leds
646,toaster
647,mead
648,clipart
649,collection
650,lego
651,pct
652,softball
653,lace
654,harbour
655,rosemary
656,aniston
657,toddlers
658,melbourne
659,racism
660,sailors
661,svalbard
662,rocks
663,trees
664,surfing
665,kart
666,gravel
667,yourself
668,bedrooms
669,kbps
670,yellowstone
671,mosque
672,blinds
673,quotation
674,powerbook
675,colombia
676,supermarket
677,tyres
678,bricks
679,switchfoot
680,seminary
681,wrought
682,halloween
683,gmail
684,worcester
685,kung
686,malta
687,balcony
688,outfit
689,mcdonald
690,handwriting
691,concept
692,pier
693,beck
694,eclipse
695,bridge
696,peace
697,mgmt
698,squash
699,paris
700,drake
701,citysearch
702,masonry
703,wnba
704,red
705,jerusalem
706,bounds
707,gown
708,catering
709,sketches
710,raphael
711,kitchen
712,workspace
713,mouse
714,darkness
715,furnishings
716,roadway
717,businessman
718,concerts
719,lawn
720,subset
721,tote
722,protesters
723,landscaping
724,warehouses
725,squirrel
726,conservatory
727,bologna
728,epidemiology
729,hollywood
730,webdesign
731,tenth
732,render
733,temple
734,statue
735,tourists
736,motels
737,coin
738,carnival
739,cats
740,stripes
741,bookstore
742,pupil
743,ceiling
744,horses
745,audience
746,triangle
747,makeup
748,cruises
749,cottage
750,labrador
751,wallet
752,africa
753,flowering
754,locker
755,gorilla
756,mountains
757,raiders
758,boots
759,holiday
760,postcards
761,burgers
762,gamers
763,sauces
764,hatchback
765,clipart
766,rainfall
767,cutlery
768,snoop
769,kitchens
770,easter
771,sofas
772,yellow
773,rides
774,tiffany
775,runway
776,swan
777,conservatory
778,northumberland
779,mercedes
780,contributed
781,roxy
782,chocolates
783,vermont
784,madthumbs
785,wrapping
786,insects
787,necklaces
788,earrings
789,nickelback
790,waterfront
791,ropes
792,sweaters
793,spirits
794,runway
795,florists
796,uber
797,divorce
798,simpsons
799,bands
800,sunflower
801,abortion
802,leopard
803,hasbro
804,sting
805,currency
806,quote
807,resolutions
808,musicals
809,before
810,fno
811,woodworking
812,oceans
813,cctv
814,bats
815,moscow
816,aniston
817,figurine
818,protesters
819,texans
820,moscow
821,everquest
822,ecards
823,wwii
824,roses
825,autographs
826,toolkit
827,rihanna
828,clipart
829,cats
830,terry
831,proposing
832,courthouse
833,pollen
834,stratford
835,harbour
836,booklet
837,reflections
838,beaches
839,diagrams
840,beds
841,sediments
842,waterfront
843,arch
844,orleans
845,cards
846,closes
847,grandchildren
848,meal
849,kennel
850,everest
851,ships
852,carriage
853,textures
854,microphone
855,hoops
856,dodgers
857,poorest
858,spinach
859,rugby
860,refugees
861,businessman
862,musica
863,mermaid
864,beef
865,lattice
866,devils
867,floral
868,nurses
869,glazing
870,kitchen
871,insect
872,watersports
873,fishes
874,clouds
875,toddlers
876,nyse
877,barn
878,wrapping
879,moonlight
880,necklaces
881,contractor
882,handwriting
883,meditation
884,diggs
885,astrology
886,worker
887,ecard
888,decks
889,cakes
890,drew
891,rumsfeld
892,naples
893,nikon
894,outkast
895,businessman
896,jumping
897,lohan
898,shoes
899,unified
900,dungeons
901,townhouse
902,colorful
903,warsaw
904,seating
905,loved
906,butterfly
907,laying
908,finding
909,bentley
910,couples
911,wallpapers
912,berries
913,msnbc
914,canoeing
915,buds
916,spices
917,parrot
918,comparisons
919,tourists
920,royals
921,nursery
922,screensavers
923,papers
924,grease
925,parking
926,landscaping
927,bears
928,colombia
929,mls
930,zeppelin
931,catalan
932,rustic
933,faroe
934,tenerife
935,pubs
936,suspended
937,egyptian
938,asin
939,hehe
940,afghanistan
941,prisons
942,compost
943,vocals
944,roundtable
945,jacket
946,toddlers
947,stadium
948,manchester
949,wound
950,manchester
951,birding
952,ballet
953,cabbage
954,charcoal
955,horse
956,fights
957,concept
958,aquarium
959,wires
960,litter
961,arabs
962,fiat
963,westminster
964,kitchen
965,cheerleaders
966,studying
967,avril
968,musicals
969,map
970,penalties
971,meal
972,seventh
973,lightning
974,jumping
975,leaves
976,dogs
977,champions
978,mclaren
979,hannover
980,army
981,cottage
982,kiribati
983,housewife
984,sleeves
985,musicals
986,subset
987,mantle
988,wizard
989,gown
990,pixmania
991,forest
992,roadway
993,couture
994,warehousing
995,couples
996,statue
997,iss
998,trackbacks
999,airports
1000,party
1001,trains
1002,fans
1003,pinkworld
1004,penthouse
1005,madrid
1006,bournemouth
1007,cavaliers
1008,celtic
1009,cottage
1010,perennial
1011,fountain
1012,brides
1013,oprah
1014,cameroon
1015,ethereal
1016,navy
1017,tourists
1018,mailbox
1019,basketball
1020,dresses
1021,cottage
1022,hollywood
1023,dialysis
1024,salzburg
1025,westchester
1026,hands
1027,zus
1028,enron
1029,cocos
1030,runners
1031,catches
1032,flags
1033,scottsdale
1034,england
1035,leds
1036,catalan
1037,paintings
1038,rocks
1039,cottage
1040,concept
1041,couples
1042,clouds
1043,worker
1044,paperback
1045,barrels
1046,families
1047,porch
1048,performers
1049,crafts
1050,turbine
1051,rangers
1052,msrp
1053,weddings
1054,sorority
1055,commission
1056,superannuation
1057,blackpool
1058,couples
1059,cooking
1060,subway
1061,show
1062,obese
1063,crying
1064,libraries
1065,ruins
1066,cardiff
1067,penthouse
1068,garages
1069,ashanti
1070,nesting
1071,wastewater
1072,extensions
1073,exhibitors
1074,uefa
1075,runners
1076,partitions
1077,airplane
1078,garth
1079,beethoven
1080,presidents
1081,parse
1082,curved
1083,hickory
1084,libraries
1085,protests
1086,snorkeling
1087,emperor
1088,wales
1089,cycling
1090,policing
1091,painting
1092,twink
1093,cubs
1094,murray
1095,frontgate
1096,cakes
1097,childbirth
1098,seafood
1099,oregon
1100,tackling
1101,snowboarding
1102,lilies
1103,claire
1104,gowns
1105,flashes
1106,tooth
1107,antiques
1108,potato
1109,nitrogen
1110,textures
1111,trains
1112,salmon
1113,charcoal
1114,chess
1115,flowering
1116,fonts
1117,makeup
1118,lawn
1119,canal
1120,usher
1121,abstraction
1122,sisters
1123,driveway
1124,gown
1125,police
1126,walls
1127,downtown
1128,lohan
1129,contributed
1130,sandals
1131,badly
1132,meal
1133,lobby
1134,penthouse
1135,sweaters
1136,huang
1137,shropshire
1138,skateboarding
1139,cricket
1140,connor
1141,comedies
1142,nightlife
1143,constructing
1144,floral
1145,akon
1146,spices
1147,fruits
1148,lincolnshire
1149,mags
1150,superannuation
1151,runners
1152,shoes
1153,rajasthan
1154,eagles
1155,clipart
1156,rocks
1157,paintings
1158,families
1159,grandmother
1160,basketball
1161,catering
1162,finished
1163,williamsburg
1164,trolley
1165,tiles
1166,childbirth
1167,cookware
1168,arsenal
1169,gymnastics
1170,within
1171,remodeling
1172,backpacking
1173,agriculture
1174,naples
1175,curtains
1176,compass
1177,chickens
1178,rainforest
1179,machinery
1180,suicide
1181,colorful
1182,subaru
1183,remodeling
1184,curly
1185,graduation
1186,cuba
1187,clearwater
1188,canoeing
1189,glamour
1190,fruits
1191,painting
1192,remodeling
1193,braves
1194,bicycle
1195,candles
1196,lynx
1197,homme
1198,foods
1199,iss
1200,tees
1201,monsters
1202,dresses
1203,fairies
1204,nails
1205,packed
1206,piercing
1207,skiing
1208,exhibits
1209,lilac
1210,figurine
1211,officials
1212,chinatown
1213,bed
1214,poster
1215,forest
1216,monument
1217,workspace
1218,policing
1219,installed
1220,recipes
1221,luncheon
1222,skating
1223,cannabis
1224,and
1225,alcoholic
1226,reiki
1227,rooms
1228,oprah
1229,kart
1230,trains
1231,textures
1232,discussion
1233,trains
1234,knitting
1235,gamers
1236,weddings
1237,ornaments
1238,prohibition
1239,rajasthan
1240,clipart
1241,maldives
1242,kitchens
1243,manufacturing
1244,tennessee
1245,fires
1246,laptop
1247,soldiers
1248,pasture
1249,planets
1250,planted
1251,watches
1252,bust
1253,pocketpc
1254,dogs
1255,nascar
1256,pathway
1257,howto
1258,viewpoint
1259,shirts
1260,couples
1261,dolphin
1262,polishing
1263,disneyland
1264,india
1265,renault
1266,provence
1267,cafeteria
1268,dunes
1269,storytelling
1270,wigs
1271,indian
1272,sign
1273,mountains
1274,validated
1275,youths
1276,clipart
1277,wheelchair
1278,changes
1279,rugby
1280,porch
1281,wigan
1282,buggy
1283,houses
1284,furnished
1285,kittens
1286,ghost
1287,moses
1288,airlines
1289,homme
1290,teaspoon
1291,airports
1292,courthouse
1293,space
1294,columns
1295,cows
1296,conditioner
1297,sinks
1298,grandchildren
1299,occult
1300,theresa
1301,ther
1302,vineyards
1303,orchard
1304,antiques
1305,skirt
1306,conference
1307,clipart
1308,kanye
1309,colors
1310,inventions
1311,serbia
1312,businessman
1313,concept
1314,spruce
1315,showroom
1316,families
1317,boats
1318,tarot
1319,yorker
1320,maggie
1321,snorkeling
1322,exhibitions
1323,cakes
1324,watersports
1325,citizenship
1326,stainless
1327,hannover
1328,tarot
1329,perennial
1330,thereof
1331,sedona
1332,airborne
1333,flags
1334,picasso
1335,launches
1336,oclc
1337,metallica
1338,pastry
1339,webinar
1340,circus
1341,gibraltar
1342,runway
1343,noodles
1344,hollywood
1345,leaves
1346,geisha
1347,canoeing
1348,saddam
1349,blooms
1350,camcorders
1351,potatoes
1352,map
1353,marketplace
1354,necklace
1355,surfers
1356,darkness
1357,clipart
1358,suits
1359,ruins
1360,runners
1361,trains
1362,cairo
1363,installed
1364,fathers
1365,marriages
1366,golfers
1367,kite
1368,rainforest
1369,concept
1370,flags
1371,trucking
1372,grandfather
1373,pudding
1374,frost
1375,batting
1376,solicitor
1377,outfits
1378,classroom
1379,paints
1380,stormwater
1381,gamespy
1382,currency
1383,lily
1384,parking
1385,concept
1386,fence
1387,appetizers
1388,why
1389,pudding
1390,woodworking
1391,jeans
1392,evanescence
1393,mailbox
1394,swings
1395,vegetables
1396,farmhouse
1397,paris
1398,concept
1399,stadium
1400,suits
1401,bernstein
1402,highways
1403,dior
1404,zirconia
1405,guitarist
1406,workspace
1407,classroom
1408,horse
1409,weddings
1410,floral
1411,laundering
1412,mouth
1413,iceland
1414,lipstick
1415,twilight
1416,remodeling
1417,yellowstone
1418,daycare
1419,drawings
1420,catalogues
1421,jared
1422,faces
1423,enya
1424,goose
1425,dogs
1426,costumes
1427,jelly
1428,munich
1429,mgmt
1430,galveston
1431,manchester
1432,superficial
1433,convertible
1434,kashmir
1435,midwest
1436,lookup
1437,flooring
1438,cancun
1439,overview
1440,coat
1441,huang
1442,vocals
1443,queue
1444,scotland
1445,haired
1446,penalty
1447,woodstock
1448,prospectus
1449,sculptures
1450,pier
1451,beetle
1452,nightlife
1453,advent
1454,doors
1455,preteen
1456,diagrams
1457,mcmahon
1458,sketches
1459,guitarist
1460,scarface
1461,musicals
1462,sewer
1463,bridge
1464,fixtures
1465,cups
1466,mask
1467,posters
1468,trains
1469,crowds
1470,australians
1471,troll
1472,bangladesh
1473,rectangular
1474,radiohead
1475,rugby
1476,clouds
1477,cushions
1478,indoor
1479,condominiums
1480,carrot
1481,firearms
1482,oven
1483,couples
1484,lions
1485,racer
1486,basketball
1487,fence
1488,warcraft
1489,windshield
1490,canadians
1491,sennheiser
1492,pps
1493,herbs
1494,bridge
1495,adhesives
1496,coldplay
1497,mosaic
1498,stairs
1499,ripley
1500,karaoke
1501,surfing
1502,space
1503,commission
1504,truck
1505,airplane
1506,ambulance
1507,suburbs
1508,worksheets
1509,gowns
1510,monastery
1511,mouth
1512,photoshop
1513,automobile
1514,decay
1515,westminster
1516,ripley
1517,attorney
1518,outfit
1519,shakes
1520,explosion
1521,mongolia
1522,tourists
1523,fashions
1524,dogs
1525,kitchen
1526,meals
1527,gsa
1528,lakers
1529,porch
1530,krishna
1531,weddings
1532,aquarium
1533,tent
1534,concerts
1535,italiano
1536,obtain
1537,bacon
1538,tiles
1539,gemstones
1540,videos
1541,stairs
1542,fetus
1543,turtles
1544,railways
1545,cyberspace
1546,iraqis
1547,woodworking
1548,jabber
1549,slovenia
1550,powerpoint
1551,cottages
1552,specimens
1553,lifted
1554,snorkeling
1555,toyota
1556,bloggers
1557,tableware
1558,surfers
1559,roundtable
1560,sundance
1561,crowds
1562,til
1563,wnba
1564,bolt
1565,cavalry
1566,purchased
1567,positioned
1568,containers
1569,outfit
1570,gly
1571,dams
1572,tower
1573,runway
1574,childcare
1575,masonry
1576,derbyshire
1577,yellow
1578,remodeling
1579,clipart
1580,soldiers
1581,monks
1582,discography
1583,puzzles
1584,condominium
1585,nhl
1586,premiership
1587,faucet
1588,comparisons
1589,mosque
1590,gown
1591,textures
1592,mccartney
1593,brochures
1594,cafes
1595,magazines
1596,potter
1597,leaves
1598,lighthouse
1599,fairies
1600,wallpapers
1601,outfits
1602,winters
1603,clipart
1604,cabaret
1605,ballet
1606,contract
1607,gown
1608,waves
1609,philly
1610,hastings
1611,budapest
1612,teal
1613,puppy
1614,fno
1615,furnishings
1616,party
1617,guitarist
1618,buses
1619,vuitton
1620,networking
1621,fifteen
1622,buses
1623,cz
1624,upholstery
1625,thee
1626,roadway
1627,monkeys
1628,maldives
1629,taipei
1630,textile
1631,portage
1632,threesomes
1633,sale
1634,nightclub
1635,brothers
1636,couples
1637,fishermen
1638,bridal
1639,nightclub
1640,franchising
1641,malls
1642,craigslist
1643,leather
1644,product
1645,brunette
1646,gifts
1647,spikes
1648,rainforest
1649,classicvacations
1650,hoteles
1651,antarctica
1652,dragonball
1653,specification
1654,yacht
1655,slippers
1656,realty
1657,microscope
1658,initialize
1659,dresses
1660,flashlight
1661,map
1662,desserts
1663,kittens
1664,secrecy
1665,nickelback
1666,foreclosures
1667,textures
1668,childcare
1669,red
1670,guiana
1671,drowning
1672,smoker
1673,carers
1674,mold
1675,spin
1676,waterfall
1677,honduras
1678,safaris
1679,seeker
1680,orchid
1681,coins
1682,puppy
1683,streets
1684,cycling
1685,cereal
1686,guidebook
1687,marble
1688,boots
1689,bouquets
1690,trusts
1691,allied
1692,petersen
1693,abs
1694,figurine
1695,mallorca
1696,concept
1697,supermarkets
1698,minerals
1699,knives
1700,snowboarding
1701,pirate
1702,rihanna
1703,dave
1704,wigs
1705,witches
1706,sewing
1707,grocery
1708,tractor
1709,beaches
1710,knoxville
1711,syrup
1712,managers
1713,bengal
1714,hwy
1715,surfing
1716,choral
1717,alley
1718,jeans
1719,toddlers
1720,decay
1721,citrus
1722,couture
1723,nasdaq
1724,clock
1725,hastings
1726,bathroom
1727,closet
1728,ferry
1729,marriage
1730,awards
1731,landscaping
1732,performers
1733,lifecycle
1734,galway
1735,tent
1736,dictionaries
1737,holocaust
1738,exhausted
1739,airlines
1740,hoodia
1741,encryption
1742,blackboard
1743,orchid
1744,roster
1745,glassware
1746,snowmobile
1747,tower
1748,malaga
1749,makeover
1750,clipart
1751,jeans
1752,ashanti
1753,sweatshirt
1754,traces
1755,tehran
1756,caves
1757,cattle
1758,toys
1759,toddlers
1760,pizza
1761,mickey
1762,motherboard
1763,backpacking
1764,reflected
1765,marriage
1766,rumsfeld
1767,businessman
1768,blackpool
1769,castles
1770,protests
1771,wolverhampton
1772,workstation
1773,ceiling
1774,pasture
1775,dialysis
1776,dogs
1777,witches
1778,swimming
1779,runway
1780,sting
1781,leds
1782,clipart
1783,illustrations
1784,necklaces
1785,excavation
1786,everquest
1787,red
1788,fairly
1789,cooking
1790,asheville
1791,wwii
1792,detail
1793,montenegro
1794,blondes
1795,antiques
1796,protesters
1797,pathway
1798,airplane
1799,dogs
1800,bedding
1801,furnishings
1802,shellfish
1803,vases
1804,sketches
1805,remodeling
1806,guitars
1807,soccer
1808,picasso
1809,ruins
1810,gold
1811,condominiums
1812,gown
1813,boots
1814,grandparents
1815,pixar
1816,pavement
1817,outfits
1818,choir
1819,billboard
1820,sixteen
1821,makeup
1822,cannes
1823,zshops
1824,kayaking
1825,exposition
1826,antarctica
1827,stove
1828,mothers
1829,espresso
1830,myanmar
1831,sisters
1832,automobile
1833,remembrance
1834,magazines
1835,cafeteria
1836,owls
1837,skateboard
1838,dough
1839,bees
1840,condominiums
1841,cakes
1842,tower
1843,dollars
1844,red
1845,nails
1846,ruins
1847,supporters
1848,birding
1849,yogurt
1850,beaches
1851,redevelopment
1852,porto
1853,blankets
1854,toddlers
1855,bolivia
1856,pier
1857,flowering
1858,suite
1859,classicvacations
1860,breadth
1861,dancers
1862,syria
1863,a
1864,bouquets
1865,transformers
1866,mansion
1867,weddings
1868,porsche
1869,hatchback
1870,showroom
1871,police
1872,reciprocal
1873,pager
1874,micronesia
1875,cushions
1876,moscow
1877,greenwich
1878,couples
1879,batting
1880,wwii
1881,rats
1882,vegetables
1883,cockpit
1884,backstage
1885,rockwell
1886,contributed
1887,party
1888,barbie
1889,classrooms
1890,couples
1891,mountains
1892,diggs
1893,dogs
1894,ttf
1895,picasso
1896,birch
1897,dealership
1898,text
1899,volunteers
1900,teas
1901,ribs
1902,audition
1903,jamestown
1904,cathedral
1905,andorra
1906,blackpool
1907,cocos
1908,medals
1909,shoes
1910,flags
1911,germany
1912,geometry
1913,advent
1914,coral
1915,receipt
1916,rugs
1917,coat
1918,israelis
1919,paintings
1920,roasted
1921,slovenia
1922,delegates
1923,watches
1924,musicals
1925,ssi
1926,smartphone
1927,television
1928,concept
1929,ramsey
1930,pills
1931,breakfast
1932,yorker
1933,shed
1934,howto
1935,softcover
1936,buick
1937,rollers
1938,latinas
1939,brussels
1940,harbour
1941,pottery
1942,colonial
1943,pregnant
1944,fireworks
1945,showroom
1946,landscaping
1947,chanel
1948,menopause
1949,taxis
1950,stanford
1951,babies
1952,drums
1953,comoros
1954,cigarettes
1955,outerwear
1956,tapestry
1957,shadows
1958,feeders
1959,maharashtra
1960,supporters
1961,couture
1962,suns
1963,blackboard
1964,merely
1965,garage
1966,penthouse
1967,classicvacations
1968,grounds
1969,savannah
1970,blackboard
1971,paintings
1972,crocodile
1973,turquoise
1974,wolves
1975,sign
1976,winamp
1977,snowboarding
1978,dvds
1979,hockey
1980,dads
1981,bestsellers
1982,pallet
1983,cakes
1984,packaging
1985,monophonic
1986,offices
1987,dinosaur
1988,exist
1989,outlines
1990,pussycat
1991,americans
1992,cocktails
1993,mona
1994,computers
1995,strong
1996,paragraphs
1997,manuscripts
1998,autumn
1999,mccartney
2000,trout
2001,wwii
2002,oncology
2003,editorials
2004,sculptures
2005,puppy
2006,liverpool
2007,smilies
2008,coaches
2009,publications
2010,bicycle
2011,chinese
2012,cakes
2013,cockpit
2014,wallpapers
2015,redhead
2016,clones
2017,cookies
2018,scarf
2019,directions
2020,chains
2021,lucia
2022,workplace
2023,jukebox
2024,angels
2025,garfield
2026,smartphone
2027,cambridgeshire
2028,forestry
2029,picasso
2030,entrance
2031,monkeys
2032,stones
2033,pouch
2034,cycling
2035,benches
2036,creates
2037,cleaning
2038,laboratories
2039,derbyshire
2040,shellfish
2041,ashanti
2042,sire
2043,columns
2044,brief
2045,scarf
2046,renewable
2047,fountain
2048,maths
2049,escrow
2050,statues
2051,insult
2052,toddlers
2053,backpacking
2054,students
2055,indians
2056,painting
2057,adolescents
2058,auckland
2059,beneficiaries
2060,cottages
2061,chair
2062,before
2063,icons
2064,doors
2065,subset
2066,gloucestershire
2067,motorcycles
2068,nascar
2069,jumping
2070,dmx
2071,wetland
2072,pines
2073,mansion
2074,arrows
2075,bibles
2076,shed
2077,eminem
2078,farmhouse
2079,quilt
2080,hitler
2081,guidebook
2082,paints
2083,grenadines
2084,archaeology
2085,compost
2086,direction
2087,silhouette
2088,astros
2089,shoppers
2090,fans
2091,beyonce
2092,florists
2093,tablet
2094,museums
2095,space
2096,redevelopment
2097,trains
2098,midst
2099,landscape
2100,shoes
2101,cottage
2102,poster
2103,reptiles
2104,klaus
2105,comics
2106,muslims
2107,printable
2108,lac
2109,dancers
2110,month
2111,cctv
2112,melbourne
2113,memorials
2114,offshore
2115,mustang
2116,grandmother
2117,nightlife
2118,snowboarding
2119,chiropractic
2120,earrings
2121,kitchen
2122,carrots
2123,aerosmith
2124,paintings
2125,solicitor
2126,airport
2127,finishes
2128,squash
2129,homeowners
2130,comet
2131,babies
2132,sunglasses
2133,entitlement
2134,sewing
2135,autographs
2136,appetizers
2137,product
2138,travelodge
2139,wallpapers
2140,reflections
2141,sinks
2142,mgmt
2143,cherries
2144,bedrooms
2145,umbrella
2146,wimbledon
2147,contraception
2148,mouth
2149,temperatures
2150,window
2151,outfit
2152,silhouette
2153,bridal
2154,horseback
2155,columns
2156,rafting
2157,fireplaces
2158,barcode
2159,hehe
2160,quotes
2161,supporters
2162,shoes
2163,mermaid
2164,castles
2165,woodworking
2166,bouquets
2167,marriage
2168,blankets
2169,waves
2170,goose
2171,pools
2172,tarot
2173,abstract
2174,stanford
2175,bridal
2176,manson
2177,addr
2178,offshore
2179,collage
2180,erosion
2181,tackles
2182,santa
2183,swarovski
2184,shenzhen
2185,hiking
2186,prohibition
2187,suburbs
2188,horseback
2189,grandfather
2190,mexican
2191,motorcycle
2192,toaster
2193,faces
2194,pasture
2195,tableware
2196,coins
2197,demographics
2198,tractor
2199,facesitting
2200,wales
2201,tanks
2202,nuts
2203,stamps
2204,wines
2205,wimbledon
2206,champions
2207,couples
2208,agricultural
2209,marilyn
2210,barber
2211,buildings
2212,countryside
2213,mary
2214,manchester
2215,lisbon
2216,premiership
2217,toddlers
2218,disasters
2219,quote
2220,catering
2221,leopard
2222,maharashtra
2223,favour
2224,freebies
2225,corinthians
2226,concept
2227,glamour
2228,forest
2229,faces
2230,lesotho
2231,patriots
2232,bookshop
2233,pedestrian
2234,wimbledon
2235,tulip
2236,capitol
2237,toes
2238,premiere
2239,packers
2240,chickens
2241,clouds
2242,vancouver
2243,concept
2244,taco
2245,valentines
2246,cooking
2247,gucci
2248,cookbook
2249,horse
2250,medieval
2251,watersports
2252,abstract
2253,sofas
2254,owls
2255,centres
2256,averaging
2257,museums
2258,divx
2259,cornwall
2260,poker
2261,suriname
2262,quotes
2263,brochure
2264,dickens
2265,vancouver
2266,remodeling
2267,cats
2268,lace
2269,sooner
2270,bernstein
2271,cooking
2272,wheeled
2273,hats
2274,quotes
2275,map
2276,zebra
2277,burberry
2278,sheffield
2279,wire
2280,sedona
2281,athens
2282,fats
2283,watercolor
2284,families
2285,swimsuit
2286,backpacks
2287,commencement
2288,engraving
2289,alley
2290,highway
2291,saturation
2292,couples
2293,sign
2294,limousine
2295,townhouse
2296,excited
2297,taxis
2298,photography
2299,ibis
2300,disneyland
2301,concept
2302,accessory
2303,boxes
2304,wallpapers
2305,ecards
2306,protest
2307,ornaments
2308,cables
2309,toddlers
2310,clipart
2311,sketches
2312,camel
2313,malls
2314,stands
2315,faucet
2316,sushi
2317,temple
2318,snowmobile
2319,eggs
2320,paintings
2321,manhattan
2322,hands
2323,kiosk
2324,tooth
2325,leather
2326,trumpet
2327,muse
2328,hawks
2329,rooms
2330,airlines
2331,alito
2332,perfumes
2333,musica
2334,couples
2335,capable
2336,fence
2337,blinds
2338,usher
2339,sheffield
2340,cabo
2341,castles
2342,posters
2343,outfit
2344,avril
2345,backpacking
2346,faqfaq
2347,surfing
2348,mountains
2349,umbrella
2350,condos
2351,classroom
2352,yogurt
2353,concept
2354,furnishings
2355,branches
2356,eyewear
2357,easyshare
2358,skull
2359,penthouse
2360,sleeve
2361,cruises
2362,trains
2363,och
2364,finished
2365,things
2366,ferries
2367,hsbc
2368,spaghetti
2369,lowered
2370,hasbro
2371,sign
2372,camcorder
2373,adhd
2374,derbyshire
2375,cottage
2376,cobra
2377,cabaret
2378,ry
2379,beatles
2380,organized
2381,chung
2382,temple
2383,seville
2384,mansion
2385,concept
2386,silhouette
2387,aspen
2388,furnishings
2389,raspberry
2390,carnegie
2391,concept
2392,turquoise
2393,bullock
2394,powerbook
2395,europeans
2396,cavalry
2397,comoros
2398,workers
2399,epoxy
2400,sofas
2401,autos
2402,slug
2403,comoros
2404,pupils
2405,wicker
2406,hdtv
2407,charcoal
2408,bizrate
2409,folklore
2410,lifecycle
2411,pony
2412,students
2413,dreamed
2414,water
2415,store
2416,roses
2417,surgeons
2418,abstract
2419,flooring
2420,fireworks
2421,rescued
2422,arabs
2423,antiques
2424,exposition
2425,automobiles
2426,cabins
2427,shakira
2428,guadeloupe
2429,certificate
2430,drawings
2431,peoples
2432,steelers
2433,marion
2434,paving
2435,brides
2436,northumberland
2437,marilyn
2438,cookies
2439,disasters
2440,buckinghamshire
2441,tote
2442,fountain
2443,marriage
2444,receipt
2445,speeding
2446,flyer
2447,ornaments
2448,redwood
2449,redistribute
2450,vincent
2451,cardiology
2452,ashanti
2453,santa
2454,bloody
2455,desk
2456,gown
2457,fossils
2458,expo
2459,syrup
2460,furnishings
2461,neighbors
2462,telephones
2463,maize
2464,mermaid
2465,madonna
2466,assorted
2467,cavalier
2468,raleigh
2469,lesotho
2470,westminster
2471,abramoff
2472,remodeling
2473,plaque
2474,numbers
2475,remodeling
2476,woodworking
2477,intersection
2478,chairs
2479,mansion
2480,cakes
2481,delegates
2482,seals
2483,storms
2484,ministers
2485,sweatshirt
2486,water
2487,hollywood
2488,carnival
2489,karate
2490,homelessness
2491,darkness
2492,scandinavia
2493,royals
2494,maps
2495,inuyasha
2496,smoker
2497,amg
2498,derbyshire
2499,shipping
2500,saskatoon
2501,nightwish
2502,zoology
2503,spiders
2504,cakes
2505,woodworking
2506,pinkworld
2507,nightwish
2508,town
2509,picnic
2510,branches
2511,landscaping
2512,wallpapers
2513,jets
2514,mountains
2515,cemetery
2516,cyberspace
2517,gibraltar
2518,thoughtful
2519,alito
2520,bryce
2521,tips
2522,cared
2523,clerks
2524,superannuation
2525,mccarthy
2526,pianist
2527,inaccuracies
2528,latch
2529,madagascar
2530,rihanna
2531,bookshelf
2532,listed
2533,casinos
2534,adp
2535,excursions
2536,aircraft
2537,appetizers
2538,cactus
2539,blondes
2540,waterfall
2541,bust
2542,balcony
2543,concerts
2544,aboriginal
2545,farmhouse
2546,puppy
2547,supermarkets
2548,trainers
2549,guinness
2550,mountains
2551,medline
2552,ebooks
2553,babies
2554,notebooks
2555,cathedral
2556,cockpit
2557,corridors
2558,cows
2559,penthouse
2560,agriculture
2561,viola
2562,hbo
2563,mountains
2564,shoes
2565,tokyo
2566,tunnel
2567,in
2568,sweets
2569,halloween
2570,recycling
2571,waterfront
2572,furnishings
2573,peugeot
2574,drawings
2575,paige
2576,mosque
2577,conservatives
2578,airsoft
2579,couples
2580,rocks
2581,snowboarding
2582,cottages
2583,bubbles
2584,libc
2585,derbyshire
2586,students
2587,pitching
2588,jets
2589,revocation
2590,adhesives
2591,villages
2592,pub
2593,pigs
2594,champions
2595,bouquets
2596,mansion
2597,sandbox
2598,gown
2599,seated
2600,annapolis
2601,concept
2602,steelers
2603,shaping
2604,antiques
2605,wrestling
2606,fno
2607,thor
2608,frames
2609,nyse
2610,toaster
2611,syria
2612,pewter
2613,premiere
2614,glacier
2615,cafes
2616,stocks
2617,wetland
2618,sinatra
2619,insect
2620,libraries
2621,biographies
2622,diagrams
2623,rooms
2624,thanksgiving
2625,afghanistan
2626,finished
2627,bahrain
2628,quotes
2629,paperwork
2630,coat
2631,hiking
2632,trains
2633,families
2634,earrings
2635,relaxation
2636,uefa
2637,yorker
2638,concept
2639,watersports
2640,compost
2641,signatures
2642,suv
2643,cabins
2644,earrings
2645,boxing
2646,flags
2647,protesters
2648,tires
2649,quotes
2650,glassware
2651,wheat
2652,weighting
2653,blackboard
2654,transformers
2655,churches
2656,spinach
2657,peacock
2658,rihanna
2659,highway
2660,meredith
2661,mauritania
2662,typing
2663,downtown
2664,stool
2665,cakes
2666,cows
2667,nina
2668,illustrations
2669,malaysia
2670,guadeloupe
2671,commercials
2672,nails
2673,groom
2674,doctrine
2675,miner
2676,relaxation
2677,periodical
2678,mountains
2679,bulldogs
2680,red
2681,cabin
2682,grandfather
2683,fringe
2684,map
2685,diana
2686,brewery
2687,remodeling
2688,promotional
2689,bmx
2690,djibouti
2691,families
2692,suite
2693,collectables
2694,mozart
2695,lamps
2696,panda
2697,menus
2698,boots
2699,puppet
2700,dwarf
2701,backpacks
2702,mongolia
2703,dominica
2704,jarvis
2705,coaches
2706,ruins
2707,superannuation
2708,ashanti
2709,personalize
2710,meats
2711,cucumber
2712,clouds
2713,cakes
2714,powerpoint
2715,summers
2716,grandparents
2717,vegetables
2718,hulk
2719,states
2720,signage
2721,archery
2722,andorra
2723,magazines
2724,abandoned
2725,tables
2726,photography
2727,dragons
2728,withstand
2729,australians
2730,ieee
2731,beds
2732,myanmar
2733,ornaments
2734,vikings
2735,cases
2736,golfers
2737,cycling
2738,serbia
2739,scrapbooking
2740,musicals
2741,followers
2742,blackpool
2743,stall
2744,water
2745,wetland
2746,bodybuilding
2747,questions
2748,socks
2749,rivers
2750,kissimmee
2751,cats
2752,sign
2753,handel
2754,marines
2755,automobile
2756,africa
2757,souvenirs
2758,sugababes
2759,dentists
2760,meal
2761,seafood
2762,squirrel
2763,champions
2764,dresses
2765,tables
2766,paraguay
2767,blackboard
2768,handbags
2769,blessings
2770,casinos
2771,doctor
2772,earrings
2773,jakarta
2774,watercolor
2775,choices
2776,caregivers
2777,yachts
2778,believes
2779,tibet
2780,sweatshirt
2781,aesthetic
2782,gold
2783,weddings
2784,beaches
2785,meal
2786,electricity
2787,theaters
2788,dyes
2789,rowling
2790,kitchen
2791,legislature
2792,boxing
2793,waterfall
2794,struggled
2795,twiztid
2796,winters
2797,lamp
2798,want
2799,offices
2800,evansville
2801,ladders
2802,reflections
2803,desserts
2804,waterfront
2805,puppy
2806,saints
2807,marion
2808,presidents
2809,courtroom
2810,clipart
2811,philosopher
2812,silicone
2813,suite
2814,reuters
2815,flamingo
2816,larvae
2817,budgeting
2818,huang
2819,cattle
2820,zebra
2821,sandwiches
2822,shareware
2823,cliffs
2824,images
2825,engraving
2826,runners
2827,saxophone
2828,vietnamese
2829,fail
2830,swimming
2831,workers
2832,menopause
2833,beaches
2834,residents
2835,conditioning
2836,bologna
2837,toddlers
2838,clamp
2839,northumberland
2840,meal
2841,rwanda
2842,charcoal
2843,watch
2844,hehe
2845,makeup
2846,downstream
2847,realm
2848,agricultural
2849,forest
2850,sketches
2851,camcorder
2852,airport
2853,glamour
2854,submarine
2855,couples
2856,scrapbooking
2857,slovenia
2858,levy
2859,carving
2860,outfit
2861,disneyland
2862,rocks
2863,nurses
2864,agriculture
2865,malone
2866,vdata
2867,rajasthan
2868,libs
2869,ecard
2870,horticulture
2871,ashanti
2872,kyoto
2873,rented
2874,cardiff
2875,enfield
2876,hockey
2877,airlines
2878,kittens
2879,lilac
2880,dogs
2881,ornaments
2882,gown
2883,diapers
2884,pasture
2885,bathroom
2886,lesbos
2887,turquoise
2888,weddings
2889,trucking
2890,businessman
2891,weeds
2892,couples
2893,weddings
2894,groups
2895,tunisia
2896,jerusalem
2897,pasta
2898,moonlight
2899,florists
2900,nascar
2901,commission
2902,wall
2903,philippines
2904,runners
2905,pipes
2906,lattice
2907,paintings
2908,pinkworld
2909,airlines
2910,burgundy
2911,sewing
2912,diy
2913,tablet
2914,garlic
2915,furnishings
2916,endif
2917,huang
2918,vases
2919,curly
2920,lamborghini
2921,billboard
2922,charcoal
2923,disability
2924,couture
2925,adc
2926,sheep
2927,gold
2928,grandparents
2929,driveway
2930,santa
2931,makeup
2932,flooring
2933,remortgage
2934,athletics
2935,bedfordshire
2936,casinos
2937,menus
2938,gardening
2939,airplanes
2940,squares
2941,freezers
2942,wallpapers
2943,flooring
2944,basketball
2945,bells
2946,stained
2947,consoles
2948,graphs
2949,podcasts
2950,mountains
2951,refrigerators
2952,oven
2953,fabrics
2954,recalled
2955,adopt
2956,ascii
2957,motorsports
2958,harbour
2959,dogs
2960,tables
2961,gambia
2962,acl
2963,bedfordshire
2964,makeup
2965,movers
2966,alley
2967,redwood
2968,hms
2969,floral
2970,african
2971,handbags
2972,mermaid
2973,concerts
2974,downhill
2975,catering
2976,spiderman
2977,tribes
2978,forest
2979,flooring
2980,filmography
2981,paints
2982,terrier
2983,provence
2984,dome
2985,kitten
2986,chocolates
2987,murakami
2988,woodworking
2989,florence
2990,sunglasses
2991,beverages
2992,hands
2993,lettering
2994,agricultural
2995,specimen
2996,housewife
2997,thirty
2998,maps
2999,drought
3000,carving
3001,businessman
3002,cast
3003,policing
3004,backpacking
3005,auckland
3006,shoppers
3007,elevator
3008,backpacking
3009,giclee
3010,backpacking
3011,softball
3012,paperbacks
3013,troll
3014,addendum
3015,paraguay
3016,meals
3017,cpp
3018,jdbc
3019,beaches
3020,flooding
3021,red
3022,shed
3023,noaa
3024,pollution
3025,trees
3026,ciara
3027,automobiles
3028,subset
3029,water
3030,gibraltar
3031,fotos
3032,concept
3033,liverpool
3034,dealership
3035,liechtenstein
3036,fred
3037,ceilings
3038,mountains
3039,forest
3040,farmhouse
3041,asin
3042,adidas
3043,jfk
3044,awards
3045,stall
3046,stag
3047,moore
3048,speech
3049,branches
3050,brides
3051,towels
3052,commercial
3053,after
3054,golfers
3055,campers
3056,exhibitors
3057,clipart
3058,pineapple
3059,dancers
3060,classrooms
3061,barber
3062,wwii
3063,gears
3064,curly
3065,gentoo
3066,diamonds
3067,janis
3068,jaguar
3069,conforming
3070,couture
3071,soldiers
3072,succeed
3073,audience
3074,kitchen
3075,seated
3076,twilight
3077,infants
3078,soldiers
3079,brochure
3080,offshore
3081,shoulders
3082,installed
3083,cats
3084,wales
3085,advent
3086,jewels
3087,beavers
3088,exporters
3089,surfers
3090,vermont
3091,ophthalmology
3092,drawings
3093,swimming
3094,alley
3095,provence
3096,canal
3097,arabidopsis
3098,maori
3099,cory
3100,shakira
3101,pelican
3102,roommates
3103,bodybuilding
3104,before
3105,cathedral
3106,soldier
3107,userpic
3108,cakes
3109,balcony
3110,objects
3111,sportsbook
3112,paraguay
3113,derbyshire
3114,skeleton
3115,surveyor
3116,reese
3117,skateboarding
3118,poorest
3119,concept
3120,provence
3121,winters
3122,downing
3123,cairo
3124,hairy
3125,citysearch
3126,upholstery
3127,concept
3128,doors
3129,africa
3130,rocks
3131,tables
3132,signage
3133,sunderland
3134,businessman
3135,ceremonies
3136,space
3137,managers
3138,districts
3139,leds
3140,leds
3141,warehousing
3142,elephants
3143,protesters
3144,arabidopsis
3145,dinosaurs
3146,squash
3147,mansion
3148,apostles
3149,svc
3150,lace
3151,maps
3152,nutrients
3153,paintings
3154,shrubs
3155,geisha
3156,piazza
3157,mouse
3158,svalbard
3159,protect
3160,tolkien
3161,cocktails
3162,valentino
3163,runway
3164,marching
3165,antiques
3166,musicals
3167,lantern
3168,chattanooga
3169,guitarist
3170,gifts
3171,toddlers
3172,bouquets
3173,weddings
3174,elvis
3175,suv
3176,riding
3177,recipes
3178,stroller
3179,westminster
3180,trainers
3181,pies
3182,protesters
3183,anatomy
3184,cruises
3185,exclusive
3186,cathedral
3187,pizza
3188,spires
3189,paintings
3190,lettering
3191,portsmouth
3192,yarn
3193,driving
3194,nepal
3195,publicly
3196,statue
3197,squirrel
3198,airplane
3199,plantronics
3200,africa
3201,outerwear
3202,offices
3203,spiders
3204,fries
3205,poster
3206,plural
3207,packaging
3208,rajasthan
3209,discounts
3210,forehead
3211,spinach
3212,tractor
3213,crosses
3214,johannesburg
3215,wanted
3216,snorkeling
3217,infants
3218,profileprofile
3219,bridge
3220,rugs
3221,stable
3222,venice
3223,uefa
3224,flowering
3225,knows
3226,statues
3227,planets
3228,perennial
3229,boxing
3230,businessman
3231,tees
3232,vases
3233,bracelets
3234,beaches
3235,forest
3236,grease
3237,wigs
3238,mexican
3239,map
3240,embroidery
3241,kendall
3242,marketplace
3243,berries
3244,fails
3245,knees
3246,signs
3247,concept
3248,americans
3249,outfit
3250,whales
3251,canberra
3252,clipart
3253,backpacking
3254,dolphins
3255,paints
3256,scooters
3257,transitional
3258,opponents
3259,theater
3260,dramas
3261,passengers
3262,coming
3263,furnishings
3264,cottages
3265,galway
3266,consulting
3267,clock
3268,recruits
3269,bridges
3270,spiderman
3271,colombia
3272,arxiv
3273,ornaments
3274,sale
3275,bedrooms
3276,castles
3277,pct
3278,priests
3279,sculptures
3280,farmhouse
3281,herself
3282,confederate
3283,meats
3284,engraving
3285,fighter
3286,cassette
3287,outerwear
3288,engines
3289,tigers
3290,vampires
3291,xerox
3292,dogs
3293,clouds
3294,mcgregor
3295,scots
3296,coloring
3297,makeup
3298,skirt
3299,tourists
3300,eclipse
3301,yachts
3302,storms
3303,jakarta
3304,weekday
3305,boats
3306,cowboys
3307,scrapbooking
3308,ornaments
3309,scrapbooking
3310,subset
3311,smartphone
3312,driveway
3313,exhibits
3314,foil
3315,installed
3316,boats
3317,leds
3318,puppy
3319,wwii
3320,marriage
3321,grandparents
3322,audioslave
3323,yachts
3324,coral
3325,waterloo
3326,engaged
3327,cookies
3328,police
3329,architectural
3330,rosemary
3331,rowling
3332,gameplay
3333,soldier
3334,rammstein
3335,landfill
3336,slippers
3337,concept
3338,forty
3339,jeans
3340,lettering
3341,ingredients
3342,christianity
3343,stomach
3344,hendrix
3345,ware
3346,puppy
3347,chaotic
3348,cups
3349,rooms
3350,homme
3351,roster
3352,shelves
3353,dealership
3354,residence
3355,ceiling
3356,moss
3357,puppy
3358,map
3359,bridal
3360,chennai
3361,chandelier
3362,trucking
3363,mailman
3364,courtroom
3365,sectional
3366,clouds
3367,gibraltar
3368,poultry
3369,aerosmith
3370,concept
3371,truths
3372,stools
3373,turquoise
3374,birding
3375,ecards
3376,lions
3377,champions
3378,scrapbooking
3379,recycling
3380,buick
3381,kettle
3382,letter
3383,horse
3384,cafe
3385,advertise
3386,maid
3387,bakery
3388,gown
3389,shoes
3390,autos
3391,camaro
3392,barley
3393,gown
3394,fishermen
3395,suits
3396,clipart
3397,surprised
3398,logo
3399,hats
3400,egyptian
3401,scarborough
3402,paintings
3403,volcano
3404,lasers
3405,invision
3406,born
3407,flowering
3408,briefcase
3409,weddings
3410,derbyshire
3411,streets
3412,doctor
3413,continents
3414,stadium
3415,samurai
3416,tavern
3417,horticulture
3418,bust
3419,globes
3420,supermarkets
3421,lawn
3422,subscribed
3423,jeans
3424,cricket
3425,tiff
3426,booklet
3427,epoxy
3428,winters
3429,vancouver
3430,extensions
3431,conditioning
3432,councillors
3433,premiere
3434,temple
3435,bukkake
3436,pilates
3437,buffers
3438,airport
3439,clipart
3440,cannes
3441,disappear
3442,biscuits
3443,villages
3444,mansion
3445,nightmare
3446,diner
3447,fno
3448,patio
3449,angelina
3450,framing
3451,discography
3452,teleflora
3453,apron
3454,protesters
3455,painting
3456,zoophilia
3457,marquette
3458,britney
3459,bench
3460,vows
3461,amazon
3462,exhibitors
3463,wallpapers
3464,fireplace
3465,downstream
3466,wimbledon
3467,haired
3468,accident
3469,ornaments
3470,lamps
3471,rowing
3472,printable
3473,spinach
3474,wwe
3475,tattoos
3476,howto
3477,gamers
3478,offices
3479,screaming
3480,drawings
3481,europeans
3482,agricultural
3483,gamespy
3484,townhouse
3485,kauai
3486,shed
3487,countryside
3488,homme
3489,conservatory
3490,collier
3491,craigslist
3492,condominiums
3493,rocks
3494,torino
3495,vermont
3496,shops
3497,fern
3498,remodeling
3499,vows
3500,convention
3501,bricks
3502,thoughtful
3503,sausage
3504,picasso
3505,yorker
3506,shattered
3507,cardinals
3508,tourists
3509,martial
3510,everquest
3511,triathlon
3512,businessman
3513,fedora
3514,suv
3515,drosophila
3516,penalties
3517,performers
3518,desserts
3519,fruits
3520,puppies
3521,sisters
3522,yogurt
3523,mommy
3524,armored
3525,manning
3526,bikes
3527,vows
3528,molding
3529,kart
3530,jacksonville
3531,popcorn
3532,westminster
3533,army
3534,mirrors
3535,intersection
3536,haired
3537,mugs
3538,collage
3539,phuket
3540,gameboy
3541,bathroom
3542,liechtenstein
3543,chevelle
3544,meadow
3545,thanksgiving
3546,farewell
3547,layout
3548,toddlers
3549,makefile
3550,cambridgeshire
3551,bees
3552,abstraction
3553,rafting
3554,oceans
3555,clearwater
3556,alcoholism
3557,florists
3558,lawmakers
3559,licking
3560,curry
3561,noodles
3562,offices
3563,charcoal
3564,nightclub
3565,couture
3566,worldcat
3567,families
3568,bmw
3569,cafes
3570,fifty
3571,dooyoo
3572,stag
3573,scrapbooking
3574,finland
3575,beaches
3576,antiques
3577,katy
3578,tubing
3579,dancers
3580,glassware
3581,concept
3582,baht
3583,orchestra
3584,photography
3585,beaches
3586,fruits
3587,flames
3588,munich
3589,chair
3590,gymnastics
3591,rustic
3592,bedrooms
3593,twentieth
3594,tackle
3595,barley
3596,thoughtful
3597,surprised
3598,rs
3599,tavern
3600,twiztid
3601,billings
3602,organ
3603,phelps
3604,buses
3605,arabs
3606,desserts
3607,puppy
3608,shoes
3609,sedona
3610,gloucestershire
3611,tableware
3612,gold
3613,remodeling
3614,massachusetts
3615,westlife
3616,flyer
3617,outfits
3618,historians
3619,fno
3620,waterfall
3621,snowboarding
3622,disappointed
3623,donations
3624,lamp
3625,churches
3626,decals
3627,chairs
3628,pasture
3629,perfumes
3630,markings
3631,handbags
3632,outfits
3633,ivory
3634,mary
3635,obese
3636,chinatown
3637,advent
3638,cakes
3639,dinosaurs
3640,phonephone
3641,patriots
3642,quotes
3643,pavement
3644,rugs
3645,pier
3646,peas
3647,leaf
3648,rainforest
3649,toys
3650,grains
3651,mexican
3652,trousers
3653,arabic
3654,ascension
3655,temple
3656,varieties
3657,derbyshire
3658,cliffs
3659,colorful
3660,countryside
3661,belts
3662,amg
3663,rihanna
3664,bucket
3665,museums
3666,dice
3667,toddlers
3668,pendants
3669,carriage
3670,buddhism
3671,puppies
3672,hawks
3673,lamps
3674,daughters
3675,tees
3676,cages
3677,museums
3678,lawn
3679,ingredient
3680,squid
3681,apps
3682,caffeine
3683,cure
3684,colorful
3685,ships
3686,abstract
3687,musicals
3688,horses
3689,cannes
3690,boxer
3691,snowmobile
3692,arch
3693,baskets
3694,mechanic
3695,booklet
3696,picasso
3697,woodstock
3698,blondes
3699,anthropology
3700,handbags
3701,ducks
3702,streets
3703,atv
3704,trains
3705,stairs
3706,concept
3707,softcover
3708,upholstery
3709,colorful
3710,inverness
3711,flags
3712,balloons
3713,gymnastics
3714,planets
3715,dancers
3716,nightclub
3717,herbs
3718,stage
3719,geographical
3720,outfits
3721,aniston
3722,classrooms
3723,calories
3724,collection
3725,gloryhole
3726,autographs
3727,employability
3728,mario
3729,istanbul
3730,bathroom
3731,lubbock
3732,glassware
3733,lecturer
3734,rajasthan
3735,harness
3736,budapest
3737,mountains
3738,eyewear
3739,burned
3740,lilac
3741,toilets
3742,cathedral
3743,corrosion
3744,mazda
3745,darts
3746,brothers
3747,astrophysics
3748,cats
3749,taxis
3750,dogs
3751,concept
3752,slept
3753,softcover
3754,framing
3755,proposing
3756,penalties
3757,barn
3758,signage
3759,abandoned
3760,coventry
3761,amethyst
3762,biographies
3763,refrigerators
3764,bears
3765,massachusetts
3766,labrador
3767,rowling
3768,vegetables
3769,vases
3770,chapel
3771,cycling
3772,statues
3773,paraguay
3774,bows
3775,scooters
3776,playhouse
3777,royals
3778,suited
3779,sheep
3780,common
3781,drinking
3782,sportswear
3783,woodworking
3784,students
3785,servants
3786,landfill
3787,mountains
3788,casserole
3789,cricket
3790,naturally
3791,lakers
3792,flags
3793,drawings
3794,birding
3795,fireplace
3796,usher
3797,winamp
3798,couch
3799,scandinavia
3800,forest
3801,menopause
3802,adelaide
3803,countryside
3804,zoology
3805,toy
3806,gowns
3807,subset
3808,tattoos
3809,beyonce
3810,sewing
3811,lions
3812,bookshop
3813,spurs
3814,theater
3815,burton
3816,vatican
3817,bottled
3818,villas
3819,laughing
3820,contributed
3821,afro
3822,vocals
3823,figurine
3824,housed
3825,console
3826,ropes
3827,usher
3828,recordings
3829,acura
3830,filmography
3831,poultry
3832,characters
3833,weddings
3834,suited
3835,rajasthan
3836,figs
3837,depression
3838,trainers
3839,couples
3840,conservatory
3841,malls
3842,cabinets
3843,cranberry
3844,tables
3845,vases
3846,lynx
3847,nails
3848,carlsbad
3849,limousines
3850,basketball
3851,fence
3852,condominiums
3853,outfits
3854,windows
3855,newsfeed
3856,harbour
3857,graphs
3858,cello
3859,offices
3860,chickens
3861,janis
3862,actresses
3863,actresses
3864,maps
3865,player
3866,vector
3867,hearted
3868,buttons
3869,couples
3870,disposable
3871,sculptures
3872,buckinghamshire
3873,toddlers
3874,penthouse
3875,couch
3876,plaque
3877,scanned
3878,horse
3879,snakes
3880,chairs
3881,wwii
3882,flowering
3883,orleans
3884,canopy
3885,madrid
3886,engraving
3887,lama
3888,makeup
3889,dome
3890,distressed
3891,birthdays
3892,rodeo
3893,carrie
3894,kitchen
3895,window
3896,diagrams
3897,cruises
3898,kitten
3899,couples
3900,chandelier
3901,afro
3902,airlines
3903,eminem
3904,earrings
3905,container
3906,abramoff
3907,invitations
3908,snowboarding
3909,nissan
3910,evansville
3911,jarvis
3912,supporters
3913,bullock
3914,suited
3915,fountain
3916,harbour
3917,surfer
3918,wifi
3919,toddlers
3920,embroidery
3921,commodities
3922,molding
3923,sunglasses
3924,burgundy
3925,ministerial
3926,haha
3927,couples
3928,horticulture
3929,calculators
3930,fibers
3931,drought
3932,comparisons
3933,workout
3934,paperback
3935,cows
3936,concept
3937,tooth
3938,atreyu
3939,dogs
3940,flowering
3941,cookies
3942,queensland
3943,cockpit
3944,aesthetic
3945,pigeon
3946,mask
3947,strictly
3948,statue
3949,pear
3950,grandmother
3951,aliases
3952,yogurt
3953,shoppers
3954,clouds
3955,poorest
3956,leopard
3957,puppy
3958,cats
3959,buick
3960,landscaping
3961,rajasthan
3962,mccartney
3963,polaroid
3964,vegetables
3965,penthouse
3966,patriots
3967,libraries
3968,tableware
3969,yankees
3970,worker
3971,winters
3972,cowboy
3973,benedict
3974,hiking
3975,abstract
3976,necklaces
3977,aniston
3978,weddings
3979,philips
3980,fairies
3981,scanned
3982,advent
3983,dealership
3984,francais
3985,croatia
3986,menopause
3987,hendrix
3988,jockey
3989,manning
3990,fishes
3991,gifts
3992,gown
3993,nashville
3994,mill
3995,hummer
3996,ambiguous
3997,infrared
3998,wetland
3999,planets
4000,hoteles
4001,excited
4002,doors
4003,cereal
4004,bison
4005,storms
4006,schematic
4007,vermont
4008,balloons
4009,vancouver
4010,boost
4011,young
4012,fortress
4013,chickens
4014,travelodge
4015,horseback
4016,laptop
4017,ecards
4018,camping
4019,menopause
4020,colombia
4021,ambulance
4022,fails
4023,quote
4024,westerns
4025,bloggers
4026,skinner
4027,jeep
4028,waterfront
4029,firefighters
4030,monterey
4031,ticket
4032,washer
4033,roof
4034,laying
4035,beautifully
4036,leds
4037,firefighters
4038,injustice
4039,nothing
4040,muslims
4041,appetizers
4042,branches
4043,rotterdam
4044,scripture
4045,spruce
4046,clipart
4047,professor
4048,obstacle
4049,cliffs
4050,stray
4051,firefighters
4052,shrubs
4053,jars
4054,landfill
4055,parking
4056,chinatown
4057,badminton
4058,kittens
4059,engines
4060,ussr
4061,graffiti
4062,nerves
4063,vineyards
4064,overview
4065,contributed
4066,clipart
4067,sorority
4068,languages
4069,winding
4070,christianity
4071,watches
4072,fairies
4073,roots
4074,bridal
4075,mcmahon
4076,yellow
4077,ponds
4078,athletics
4079,headphone
4080,puppy
4081,watches
4082,supermarkets
4083,jeans
4084,shaving
4085,condos
4086,flags
4087,concerts
4088,student
4089,shoes
4090,spiral
4091,seoul
4092,shelves
4093,oprah
4094,ravens
4095,soaring
4096,convention
4097,template
4098,terrorism
4099,photography
4100,forest
4101,closet
4102,table
4103,childbirth
4104,recipes
4105,soups
4106,furnishings
4107,musicals
4108,instruments
4109,airplanes
4110,families
4111,canberra
4112,pinkworld
4113,globalization
4114,indianapolis
4115,ecommerce
4116,posters
4117,driving
4118,subtitle
4119,toddlers
4120,otter
4121,andorra
4122,cats
4123,citrus
4124,handwriting
4125,beaches
4126,mask
4127,axes
4128,businessman
4129,finished
4130,neither
4131,westminster
4132,cakes
4133,eagles
4134,couples
4135,kylie
4136,ecards
4137,antennas
4138,dolphin
4139,brothers
4140,dresses
4141,puppy
4142,cafes
4143,johannesburg
4144,inverness
4145,jeans
4146,racer
4147,kart
4148,scottsdale
4149,maldives
4150,bergen
4151,surface
4152,accommodations
4153,coins
4154,outs
4155,renovations
4156,concept
4157,perfection
4158,swamp
4159,yellowstone
4160,doll
4161,truman
4162,hockey
4163,pokemon
4164,canopy
4165,fruits
4166,beyonce
4167,bathroom
4168,day
4169,rays
4170,aquaculture
4171,demolition
4172,donkey
4173,cuba
4174,vegetables
4175,bust
4176,boots
4177,stroller
4178,wallpapers
4179,red
4180,penalty
4181,wwii
4182,congestion
4183,drops
4184,fortress
4185,motoring
4186,palms
4187,vail
4188,priests
4189,scots
4190,sisters
4191,cooking
4192,bodybuilding
4193,missionary
4194,branches
4195,snorkeling
4196,sweatshirt
4197,grandparents
4198,advertisements
4199,bracelet
4200,water
4201,sheds
4202,fruits
4203,dresses
4204,maharashtra
4205,liverpool
4206,shelf
4207,sisters
4208,sisters
4209,supporters
4210,gown
4211,palms
4212,pines
4213,robots
4214,chinatown
4215,concerts
4216,temple
4217,businessman
4218,floral
4219,billboard
4220,hahn
4221,huang
4222,companies
4223,toddlers
4224,answers
4225,grizzly
4226,aniston
4227,sedona
4228,yemen
4229,paintings
4230,knights
4231,autocad
4232,lettering
4233,gold
4234,papers
4235,after
4236,ribs
4237,lohan
4238,quotes
4239,fruits
4240,posters
4241,pencils
4242,montreal
4243,comments
4244,managers
4245,wheat
4246,tdk
4247,architectural
4248,watches
4249,derbyshire
4250,antiques
4251,wallpapers
4252,unemployment
4253,numbers
4254,alloys
4255,firstgov
4256,rajasthan
4257,seafood
4258,shakespeare
4259,faces
4260,concept
4261,shocked
4262,obese
4263,clubhouse
4264,signage
4265,ruins
4266,americans
4267,grandparents
4268,istanbul
4269,svalbard
4270,cambodia
4271,burkina
4272,haired
4273,dogs
4274,maggie
4275,candy
4276,mothers
4277,landscaping
4278,fossils
4279,couples
4280,lighthouse
4281,sims
4282,britney
4283,provence
4284,upholstery
4285,seated
4286,bookshelf
4287,cable
4288,cocktails
4289,handful
4290,farmers
4291,perennial
4292,airplane
4293,tahoe
4294,golfers
4295,resolutions
4296,bottled
4297,headlights
4298,statues
4299,carlsbad
4300,horticulture
4301,hollywood
4302,chapel
4303,champions
4304,musicals
4305,eggs
4306,cobalt
4307,macworld
4308,buttons
4309,kitts
4310,charcoal
4311,qwest
4312,horseback
4313,bedding
4314,robots
4315,skull
4316,outfits
4317,homeless
4318,prizes
4319,parking
4320,party
4321,particles
4322,makeup
4323,theaters
4324,stickers
4325,yorker
4326,tuscany
4327,candy
4328,punjab
4329,airsoft
4330,palms
4331,timeshare
4332,olympics
4333,anger
4334,oyster
4335,kylie
4336,quotes
4337,stormwater
4338,globes
4339,leicester
4340,shops
4341,incorrectly
4342,usher
4343,skipping
4344,red
4345,furnishings
4346,trousers
4347,desserts
4348,edinburgh
4349,ceilings
4350,beer
4351,workout
4352,suspect
4353,packaging
4354,erosion
4355,flexibility
4356,audi
4357,barbecue
4358,ceiling
4359,supporters
4360,horse
4361,illusions
4362,businessman
4363,supermarkets
4364,realty
4365,campground
4366,abstraction
4367,subset
4368,vows
4369,kitten
4370,cakes
4371,pirate
4372,miquelon
4373,automobiles
4374,bookstore
4375,northumberland
4376,alice
4377,bench
4378,homeowners
4379,photography
4380,posters
4381,chinese
4382,concept
4383,bed
4384,insects
4385,abstraction
4386,football
4387,racer
4388,decal
4389,interviewing
4390,uss
4391,flooding
4392,marketplace
4393,ballet
4394,clipart
4395,sunflower
4396,stadium
4397,planets
4398,safaris
4399,colleen
4400,dundee
4401,plaid
4402,barriers
4403,cushions
4404,retractable
4405,councillors
4406,clipart
4407,marching
4408,mormon
4409,fishes
4410,drivers
4411,huang
4412,fails
4413,webdesign
4414,witch
4415,judging
4416,pitbull
4417,weddings
4418,emu
4419,netscape
4420,flags
4421,jacket
4422,hsn
4423,roofing
4424,envelopes
4425,bestsellers
4426,australians
4427,nickelback
4428,workers
4429,darkness
4430,comparisons
4431,painting
4432,lecturer
4433,cafes
4434,astrology
4435,ionic
4436,telecharger
4437,injuries
4438,eliminated
4439,vegan
4440,potatoes
4441,ageing
4442,sunglasses
4443,audrey
4444,downhill
4445,rugby
4446,horses
4447,waterfront
4448,concept
4449,kyoto
4450,bbbonline
4451,favors
4452,rutgers
4453,wagner
4454,penthouse
4455,torso
4456,cuba
4457,abramoff
4458,luxembourg
4459,airplanes
4460,weddings
4461,twiztid
4462,motorcycles
4463,geophysical
4464,sms
4465,clown
4466,galaxies
4467,houses
4468,quotes
4469,warsaw
4470,bathroom
4471,dealership
4472,deserves
4473,drawers
4474,diamonds
4475,lego
4476,shear
4477,graffiti
4478,snorkeling
4479,cottage
4480,disneyland
4481,sofa
4482,vogue
4483,watches
4484,cathedral
4485,anglican
4486,cakes
4487,tents
4488,warwickshire
4489,hands
4490,paints
4491,browning
4492,ravens
4493,engraving
4494,canoe
4495,chair
4496,masonry
4497,syrup
4498,machining
4499,diggs
4500,brussels
4501,unicef
4502,savesave
4503,helicopter
4504,rustic
4505,cats
4506,kitten
4507,municipalities
4508,boots
4509,pointer
4510,palestinians
4511,birding
4512,museums
4513,nfl
4514,trains
4515,calendar
4516,floral
4517,before
4518,trains
4519,couch
4520,tower
4521,cocktails
4522,minneapolis
4523,everything
4524,paintings
4525,olive
4526,goodman
4527,clothes
4528,manuscript
4529,georgian
4530,flags
4531,royals
4532,cobalt
4533,gold
4534,sketches
4535,water
4536,vows
4537,kendall
4538,bollywood
4539,cocktails
4540,fireplace
4541,nursery
4542,watercolor
4543,darkness
4544,multiplication
4545,pinkworld
4546,baroque
4547,juices
4548,specifications
4549,geometry
4550,businessman
4551,cockpit
4552,worksheets
4553,abandoned
4554,hoodia
4555,bowls
4556,wings
4557,exporters
4558,poster
4559,xhtml
4560,residential
4561,hitler
4562,dresses
4563,weddings
4564,clipart
4565,sign
4566,phelps
4567,stickers
4568,pharmacies
4569,harbour
4570,cobalt
4571,policing
4572,leaflet
4573,limerick
4574,waterfront
4575,buffy
4576,monuments
4577,brussels
4578,launched
4579,sofas
4580,tower
4581,bears
4582,canoeing
4583,condominiums
4584,overview
4585,putin
4586,rainbow
4587,toddlers
4588,wills
4589,protesters
4590,red
4591,shorts
4592,wagon
4593,lubbock
4594,piano
4595,concept
4596,condominiums
4597,winery
4598,windows
4599,pottery
4600,winters
4601,peoples
4602,furnishings
4603,wigs
4604,athletics
4605,wallpapers
4606,thanked
4607,borland
4608,kitchen
4609,wolverhampton
4610,titanic
4611,chevelle
4612,violin
4613,branches
4614,stairs
4615,desserts
4616,italiano
4617,antiques
4618,airlines
4619,miniatures
4620,measurement
4621,fishermen
4622,sausage
4623,chocolates
4624,driving
4625,prom
4626,nuclear
4627,magazines
4628,penthouse
4629,winters
4630,architectural
4631,bouquets
4632,mountains
4633,beaches
4634,ceiling
4635,tattoos
4636,freezers
4637,campground
4638,motorcycle
4639,statue
4640,hendrix
4641,wonder
4642,signage
4643,drawings
4644,consumables
4645,baldwin
4646,slopes
4647,corinthians
4648,waterfront
4649,obesity
4650,roadway
4651,thriller
4652,lime
4653,rhino
4654,reflections
4655,asin
4656,admire
4657,elephant
4658,frog
4659,messages
4660,weddings
4661,runway
4662,brain
4663,boats
4664,yours
4665,fireplace
4666,prohibition
4667,schwarzenegger
4668,snorkeling
4669,abstraction
4670,waterfront
4671,bulb
4672,window
4673,antiques
4674,prom
4675,gutenberg
4676,philosopher
4677,grapes
4678,cathedral
4679,beans
4680,sedona
4681,poster
4682,snowboarding
4683,cathedral
4684,stadium
4685,browns
4686,queensland
4687,buses
4688,motivation
4689,preteen
4690,dresses
4691,outerwear
4692,anders
4693,contributed
4694,greeks
4695,couples
4696,buses
4697,shocked
4698,bridges
4699,frog
4700,recalled
4701,buddhism
4702,warehouses
4703,meal
4704,bedding
4705,blackboard
4706,mountains
4707,roadway
4708,shirts
4709,coaches
4710,nutrition
4711,engine
4712,westlife
4713,statues
4714,storms
4715,hoodie
4716,mountains
4717,horse
4718,hats
4719,montreal
4720,weddings
4721,bookmarks
4722,englewood
4723,clipart
4724,kayaking
4725,landfill
4726,sculptures
4727,shakira
4728,parked
4729,bed
4730,nyse
4731,sandbox
4732,delivery
4733,laughing
4734,descendants
4735,table
4736,students
4737,kitchen
4738,before
4739,colorful
4740,ageing
4741,marble
4742,thesaurus
4743,wines
4744,jersey
4745,softball
4746,excited
4747,concept
4748,belfast
4749,montenegro
4750,svalbard
4751,tibet
4752,cans
4753,quarterback
4754,squirrel
4755,browse
4756,aniston
4757,want
4758,cameroon
4759,hbo
4760,wall
4761,subtitle
4762,burned
4763,poster
4764,northumberland
4765,cycling
4766,souls
4767,caicos
4768,beaches
4769,stoke
4770,vintage
4771,concept
4772,concrete
4773,welcome
4774,characters
4775,bankers
4776,schwarzenegger
4777,ophthalmology
4778,inception
4779,renovated
4780,gifts
4781,airplane
4782,softball
4783,concept
4784,coloring
4785,trousers
4786,gown
4787,subset
4788,bedding
4789,mermaid
4790,wednesdays
4791,rangers
4792,corrosion
4793,quilt
4794,prague
4795,breed
4796,roses
4797,hatchback
4798,workspace
4799,cheerleaders
4800,eggs
4801,catering
4802,wallpapers
4803,cleveland
4804,funeral
4805,trains
4806,forest
4807,coldplay
4808,yearbook
4809,agricultural
4810,wigs
4811,trucking
4812,golfing
4813,fossils
4814,window
4815,miniatures
4816,meadow
4817,boats
4818,legislature
4819,carlsbad
4820,mansion
4821,gown
4822,antiques
4823,up
4824,columns
4825,durban
4826,chair
4827,pitching
4828,moonlight
4829,tutorials
4830,ecard
4831,vase
4832,musicals
4833,necklace
4834,coaches
4835,harvesting
4836,zombie
4837,jumping
4838,statues
4839,kittens
4840,my
4841,overland
4842,coat
4843,stag
4844,crying
4845,sketches
4846,backpacks
4847,maharashtra
4848,dogs
4849,muslims
4850,architectural
4851,before
4852,willow
4853,radiology
4854,dungeons
4855,boots
4856,statue
4857,bibliographic
4858,ideas
4859,lamp
4860,tournaments
4861,tiger
4862,scoreboard
4863,northumberland
4864,slash
4865,blackboard
4866,antiques
4867,watercolor
4868,pigeon
4869,storms
4870,lincolnshire
4871,ways
4872,walters
4873,policing
4874,epstein
4875,bookshop
4876,branches
4877,flooring
4878,medals
4879,bouquets
4880,overall
4881,harbour
4882,jacuzzi
4883,offices
4884,goats
4885,painting
4886,buses
4887,tourists
4888,galveston
4889,lac
4890,figurine
4891,sunglasses
4892,broccoli
4893,dinnerware
4894,oceans
4895,huskies
4896,purely
4897,swimming
4898,sinatra
4899,winters
4900,forest
4901,booklet
4902,avon
4903,swansea
4904,lame
4905,canal
4906,wigs
4907,sweater
4908,scanned
4909,butterfly
4910,winters
4911,campgrounds
4912,fireplaces
4913,paragraphs
4914,population
4915,discarded
4916,watersports
4917,kerala
4918,flags
4919,labrador
4920,harbour
4921,saloon
4922,leather
4923,suv
4924,suv
4925,patio
4926,monkeys
4927,audience
4928,englewood
4929,moby
4930,landscaping
4931,sunglasses
4932,wwii
4933,bees
4934,spiders
4935,jeans
4936,lacrosse
4937,blondes
4938,managers
4939,wallpapers
4940,faces
4941,marriage
4942,insult
4943,cats
4944,histories
4945,rowling
4946,comics
4947,paintings
4948,bungalow
4949,statue
4950,firefighters
4951,lonely
4952,fedora
4953,clubhouse
4954,learns
4955,putin
4956,ornaments
4957,soccer
4958,staffing
4959,watches
4960,time
4961,disclosure
4962,beaches
4963,lavender
4964,typing
4965,shuttle
4966,watersports
4967,snorkeling
4968,cottages
4969,stylesheet
4970,backstage
4971,leather
4972,forest
4973,cardinal
4974,gown
4975,tables
4976,lilac
4977,sussex
4978,baptism
4979,workgroup
4980,bohemian
4981,outfits
4982,stores
4983,stop
4984,copper
4985,barcelona
4986,seafood
4987,architectural
4988,toddlers
4989,tables
4990,leds
4991,largest
4992,propagation
4993,sword
4994,colts
4995,watercolor
4996,marching
4997,rajasthan
4998,mapping
4999,town
5000,caves
5001,cruises
5002,coat
5003,dealership
5004,teas
5005,accommodations
5006,safaris
5007,mayotte
5008,supplied
5009,fishermen
5010,humanity
5011,astrophysics
5012,paints
5013,shenzhen
5014,siding
5015,logs
5016,navy
5017,cards
5018,bed
5019,stroller
5020,colleges
5021,dancers
5022,expire
5023,dealership
5024,cakes
5025,horse
5026,peppers
5027,guiana
5028,moscow
5029,legs
5030,leds
5031,suede
5032,panther
5033,royals
5034,couples
5035,expressions
5036,posters
5037,aviation
5038,couples
5039,nederlands
5040,headphone
5041,batman
5042,auckland
5043,african
5044,colts
5045,cos
5046,saw
5047,sculptures
5048,waterfall
5049,cats
5050,courthouse
5051,montreal
5052,shelves
5053,bows
5054,tribes
5055,workout
5056,suv
5057,column
5058,remodeling
5059,bakery
5060,pocketpc
5061,couture
5062,reader
5063,cafe
5064,jacuzzi
5065,yachts
5066,party
5067,headphones
5068,catalogues
5069,travelling
5070,hands
5071,protesters
5072,collage
5073,gold
5074,matches
5075,winds
5076,tabletop
5077,remodeling
5078,rihanna
5079,basketball
5080,yellowstone
5081,hatchback
5082,piazza
5083,cage
5084,mugs
5085,westminster
5086,vermont
5087,greenhouse
5088,homicide
5089,firefox
5090,woodworking
5091,chandelier
5092,mountains
5093,bust
5094,perfume
5095,kitchens
5096,brewers
5097,forests
5098,conditioning
5099,pewter
5100,helmet
5101,nursery
5102,soups
5103,moose
5104,rigid
5105,fno
5106,photography
5107,marquette
5108,greyhound
5109,mountains
5110,crowded
5111,yeast
5112,concept
5113,badminton
5114,nails
5115,bookshop
5116,howto
5117,taxis
5118,incubus
5119,pathway
5120,sweatshirt
5121,pathway
5122,italy
5123,wines
5124,ford
5125,djs
5126,townhouse
5127,gate
5128,chickens
5129,embroidery
5130,water
5131,jamestown
5132,plateau
5133,mauritania
5134,soccer
5135,indian
5136,presidents
5137,vegetation
5138,imdb
5139,frames
5140,graffiti
5141,britney
5142,businessman
5143,mansion
5144,tunnel
5145,tower
5146,sandals
5147,terrier
5148,hollywood
5149,foia
5150,monkeys
5151,spires
5152,pinkworld
5153,skull
5154,islands
5155,magician
5156,mill
5157,excited
5158,gowns
5159,profileprofile
5160,ordination
5161,workbook
5162,lawn
5163,poultry
5164,bust
5165,boating
5166,textiles
5167,dmx
5168,childcare
5169,symbol
5170,automobiles
5171,courtyard
5172,vuitton
5173,charge
5174,agreement
5175,paolo
5176,stall
5177,factories
5178,filming
5179,mahogany
5180,flux
5181,flashlight
5182,paintings
5183,australians
5184,newspapers
5185,renewable
5186,ties
5187,african
5188,towing
5189,wigs
5190,buses
5191,kitchens
5192,cabinet
5193,yellowstone
5194,museums
5195,countryside
5196,pines
5197,figurine
5198,injections
5199,hms
5200,fishes
5201,landscaping
5202,colorful
5203,labels
5204,bedrooms
5205,malaria
5206,housewife
5207,owners
5208,automobile
5209,vale
5210,glacier
5211,dunes
5212,slovenia
5213,snowboarding
5214,manchester
5215,doors
5216,fence
5217,volleyball
5218,ruins
5219,manipulation
5220,tossed
5221,woodworking
5222,lions
5223,afghanistan
5224,scientists
5225,cottage
5226,towing
5227,groups
5228,midwest
5229,cats
5230,bangladesh
5231,ships
5232,layout
5233,disneyland
5234,nightlife
5235,westlife
5236,cottages
5237,ones
5238,wnba
5239,pope
5240,montreal
5241,pastry
5242,citrus
5243,mirrors
5244,playhouse
5245,abramoff
5246,beginnings
5247,moroccan
5248,fossils
5249,helicopter
5250,rainfall
5251,birding
5252,mortgages
5253,binoculars
5254,rights
5255,spinach
5256,foreclosures
5257,webinar
5258,illustrations
5259,gown
5260,intersection
5261,toy
5262,stained
5263,rocks
5264,outdoors
5265,drawings
5266,economists
5267,doors
5268,shenzhen
5269,wwii
5270,opponents
5271,weddings
5272,blondes
5273,sunflower
5274,lines
5275,groom
5276,powerbook
5277,rihanna
5278,gravel
5279,bonsai
5280,paige
5281,automobiles
5282,camaro
5283,museum
5284,cannes
5285,fails
5286,bibles
5287,downstream
5288,furnishings
5289,kitchens
5290,indians
5291,premiership
5292,hoodia
5293,starch
5294,cattle
5295,hasbro
5296,sphere
5297,wings
5298,weights
5299,feather
5300,suits
5301,boxing
5302,playground
5303,hillary
5304,examinations
5305,polaroid
5306,statewide
5307,lac
5308,terrier
5309,boats
5310,provinces
5311,colombia
5312,screws
5313,suited
5314,shoes
5315,fountain
5316,collier
5317,caicos
5318,interview
5319,awards
5320,gore
5321,marching
5322,twiztid
5323,sign
5324,lattice
5325,neurons
5326,madden
5327,smartphone
5328,tights
5329,ecommerce
5330,piano
5331,brakes
5332,map
5333,wheeled
5334,lighthouse
5335,scissors
5336,asin
5337,booklet
5338,varieties
5339,waterfront
5340,atm
5341,rainfall
5342,macedonia
5343,putin
5344,chandelier
5345,steaks
5346,xanax
5347,germany
5348,drawings
5349,snowmobile
5350,trains
5351,sharks
5352,roadway
5353,fictional
5354,redevelopment
5355,protesters
5356,costumes
5357,sauna
5358,booksellers
5359,uefa
5360,airplane
5361,biloxi
5362,mcmahon
5363,cats
5364,pearls
5365,bedfordshire
5366,sustainability
5367,cannon
5368,tent
5369,acrobat
5370,chairs
5371,dominica
5372,flowering
5373,peanuts
5374,paving
5375,racer
5376,weekly
5377,kyoto
5378,maldives
5379,logos
5380,gong
5381,families
5382,hockey
5383,fishermen
5384,kanye
5385,orchid
5386,years
5387,zurich
5388,skating
5389,mist
5390,paintings
5391,dads
5392,soldier
5393,cucumber
5394,landscaping
5395,buckinghamshire
5396,houses
5397,cannes
5398,janis
5399,motorcycles
5400,lps
5401,throwing
5402,phillies
5403,rooms
5404,sketches
5405,whisky
5406,forestry
5407,quote
5408,bricks
5409,guiana
5410,ordination
5411,lithium
5412,caicos
5413,westminster
5414,motels
5415,paintings
5416,cafes
5417,opal
5418,ramones
5419,flowering
5420,bust
5421,dancers
5422,fires
5423,leopard
5424,salads
5425,wishlist
5426,cakes
5427,fairs
5428,showers
5429,downtown
5430,countryside
5431,couture
5432,balloons
5433,pens
5434,molding
5435,chelsea
5436,hp
5437,airlines
5438,tower
5439,swimsuit
5440,nina
5441,workout
5442,volleyball
5443,britney
5444,thence
5445,lasts
5446,praying
5447,logs
5448,rustic
5449,moscow
5450,powerpoint
5451,spires
5452,derbyshire
5453,driving
5454,blankets
5455,buses
5456,nightwish
5457,beyonce
5458,beds
5459,lennon
5460,guitars
5461,tattoos
5462,mississippi
5463,figurine
5464,cabin
5465,birding
5466,frustrated
5467,concept
5468,flowering
5469,toddlers
5470,bulbs
5471,workspace
5472,bridges
5473,hsn
5474,ships
5475,dungeon
5476,emergence
5477,beaches
5478,beyonce
5479,buddhism
5480,bottles
5481,vows
5482,snowboarding
5483,cinemas
5484,radios
5485,powerseller
5486,thoughts
5487,alcoholism
5488,serena
5489,watches
5490,bridal
5491,taipei
5492,laptops
5493,penguins
5494,sweets
5495,webdesign
5496,hasbro
5497,swings
5498,sleeve
5499,montreal
5500,cooking
5501,badges
5502,yosemite
5503,beaches
5504,variants
5505,before
5506,silhouette
5507,geophysics
5508,leds
5509,concrete
5510,teamwork
5511,butterfly
5512,wagering
5513,obstacles
5514,outfits
5515,photography
5516,aphrodite
5517,kitchen
5518,victorian
5519,switchfoot
5520,candles
5521,carp
5522,suburb
5523,giving
5524,svalbard
5525,weddings
5526,meal
5527,bathroom
5528,potatoes
5529,supernatural
5530,shenzhen
5531,farmhouse
5532,taylor
5533,ambulance
5534,hifi
5535,crochet
5536,vietnamese
5537,broncos
5538,gifts
5539,station
5540,inuyasha
5541,boxes
5542,scanned
5543,tattoos
5544,reilly
5545,branches
5546,hannover
5547,pubs
5548,antarctica
5549,salads
5550,cricket
5551,youths
5552,dunes
5553,moscow
5554,ravens
5555,gastrointestinal
5556,telescopes
5557,knitting
5558,snorkeling
5559,smartphone
5560,fifty
5561,glasses
5562,furnishings
5563,emergence
5564,bouquets
5565,recipes
5566,cottages
5567,vids
5568,toys
5569,fotos
5570,offerings
5571,technorati
5572,cathedral
5573,paraguay
5574,tattoos
5575,mosque
5576,shoes
5577,furnishings
5578,stokes
5579,cocktails
5580,suburb
5581,fence
5582,factories
5583,places
5584,cattle
5585,infinity
5586,miniatures
5587,mansion
5588,mozambique
5589,kangaroo
5590,offices
5591,aerosmith
5592,statues
5593,morocco
5594,recalled
5595,lobby
5596,outfits
5597,egyptian
5598,prom
5599,agreement
5600,birding
5601,pinkworld
5602,cartoons
5603,syrup
5604,ants
5605,sleeve
5606,plush
5607,fedora
5608,gibraltar
5609,infos
5610,accident
5611,chair
5612,lived
5613,forest
5614,confederate
5615,quotes
5616,burundi
5617,chairs
5618,pharmacists
5619,groups
5620,churches
5621,rodeo
5622,protesters
5623,minds
5624,fundraiser
5625,pocketpc
5626,seahawks
5627,clipart
5628,threesomes
5629,billiards
5630,vodafone
5631,couch
5632,whisky
5633,banjo
5634,castles
5635,motherboards
5636,mushrooms
5637,jabber
5638,williamsburg
5639,unidentified
5640,bedding
5641,truck
5642,berries
5643,circles
5644,lilies
5645,icons
5646,photography
5647,wigan
5648,drawers
5649,cakes
5650,speeding
5651,ecard
5652,backgrounds
5653,bowie
5654,canal
5655,hands
5656,kissing
5657,gown
5658,schwarzenegger
5659,architectural
5660,spectroscopy
5661,bowling
5662,offices
5663,schwarzenegger
5664,tees
5665,enterprise
5666,florists
5667,sketches
5668,cheerleaders
5669,burgers
5670,comics
5671,graffiti
5672,clouds
5673,leicestershire
5674,carlsbad
5675,watersports
5676,waterfront
5677,branches
5678,fights
5679,pakistan
5680,lowered
5681,soaps
5682,waterfront
5683,starsmerchant
5684,anxiety
5685,orioles
5686,exhibits
5687,gyms
5688,pakistan
5689,winters
5690,nursery
5691,cory
5692,branches
5693,cats
5694,beaches
5695,fruits
5696,concept
5697,ivory
5698,advent
5699,concept
5700,listings
5701,monuments
5702,bracelet
5703,mauritania
5704,grounds
5705,pastry
5706,dinnerware
5707,hiking
5708,watercolor
5709,friendship
5710,gifts
5711,landscaping
5712,desk
5713,glassware
5714,cemetery
5715,couples
5716,stickers
5717,undp
5718,pigs
5719,beads
5720,malaysia
5721,webcam
5722,donald
5723,swimsuit
5724,creatine
5725,vancouver
5726,chair
5727,prince
5728,railroad
5729,memorials
5730,packers
5731,bedrooms
5732,golfing
5733,actresses
5734,map
5735,scotland
5736,businessman
5737,guitarist
5738,blondes
5739,spacecraft
5740,couples
5741,frost
5742,vaccination
5743,chinatown
5744,apples
5745,townhouse
5746,fixtures
5747,remain
5748,lecturer
5749,kyoto
5750,fog
5751,pools
5752,downhill
5753,bridal
5754,kitchen
5755,decals
5756,dolphins
5757,cabins
5758,councillors
5759,galaxies
5760,basketball
5761,ciara
5762,palms
5763,townhouse
5764,shield
5765,guitarist
5766,dominica
5767,driving
5768,suited
5769,glassware
5770,roxy
5771,uefa
5772,sisters
5773,signage
5774,americans
5775,african
5776,chat
5777,hopes
5778,stag
5779,putin
5780,geisha
5781,wallpapers
5782,cottage
5783,huns
5784,ceiling
5785,trainers
5786,dwarf
5787,pubs
5788,oils
5789,clipart
5790,mountains
5791,bridge
5792,couture
5793,cycling
5794,eighth
5795,palestinians
5796,appetizers
5797,offices
5798,clearwater
5799,cottage
5800,dancers
5801,inflatable
5802,paintings
5803,morales
5804,abstraction
5805,african
5806,classroom
5807,fabrics
5808,helicopter
5809,videogames
5810,possess
5811,reflected
5812,trains
5813,toddlers
5814,skincare
5815,chicago
5816,classrooms
5817,ecards
5818,makeup
5819,brothers
5820,concept
5821,cottage
5822,southern
5823,puppy
5824,concept
5825,protesters
5826,spikes
5827,dealership
5828,certificates
5829,orgy
5830,switchfoot
5831,farmhouse
5832,olympics
5833,cottages
5834,sunderland
5835,greeks
5836,cages
5837,cafeteria
5838,outkast
5839,strippers
5840,brides
5841,window
5842,paris
5843,parallel
5844,cockpit
5845,extensions
5846,monuments
5847,brunette
5848,photography
5849,feof
5850,pizza
5851,candy
5852,actresses
5853,elections
5854,shops
5855,scientology
5856,mosque
5857,motorcycle
5858,businessman
5859,travelocity
5860,clipart
5861,opengl
5862,cabinets
5863,shrimp
5864,firefighters
5865,harvesting
5866,cabins
5867,packard
5868,newspapers
5869,abstraction
5870,waves
5871,sparrow
5872,jewelry
5873,blackjack
5874,paints
5875,plaque
5876,carrie
5877,dragons
5878,leds
5879,buses
5880,winters
5881,jedi
5882,luggage
5883,library
5884,haired
5885,seether
5886,waves
5887,airlines
5888,collagen
5889,obese
5890,receiver
5891,evanescence
5892,forest
5893,safaris
5894,reggae
5895,clara
5896,collars
5897,canal
5898,fedora
5899,gown
5900,neptune
5901,crafts
5902,doll
5903,engraving
5904,playhouse
5905,queens
5906,westlife
5907,laptop
5908,handbags
5909,currencies
5910,helicopter
5911,dried
5912,ferrari
5913,salons
5914,newspapers
5915,stove
5916,supermarket
5917,sunglasses
5918,tomatoes
5919,knitting
5920,dotted
5921,storms
5922,badger
5923,leds
5924,cakes
5925,protesters
5926,pollen
5927,suite
5928,flooding
5929,floral
5930,brides
5931,asheville
5932,wwii
5933,wines
5934,flooding
5935,toddlers
5936,barbecue
5937,trucking
5938,soldiers
5939,avril
5940,olympics
5941,toddlers
5942,limo
5943,motorcycles
5944,hats
5945,castles
5946,buffy
5947,pulses
5948,brands
5949,petroleum
5950,buses
5951,snowmobile
5952,remembrance
5953,bridge
5954,forest
5955,constructing
5956,workspace
5957,guitarist
5958,attic
5959,granite
5960,homme
5961,usher
5962,injuries
5963,toddlers
5964,clutter
5965,simplify
5966,machinery
5967,bred
5968,mandrake
5969,giclee
5970,taxis
5971,roses
5972,performers
5973,scrabble
5974,houses
5975,arrests
5976,plaque
5977,grains
5978,agricultural
5979,switchfoot
5980,cakes
5981,weddings
5982,nails
5983,goldberg
5984,truck
5985,showroom
5986,starbucks
5987,winters
5988,adhesives
5989,goats
5990,crank
5991,anchors
5992,jumping
5993,speeches
5994,desserts
5995,protesters
5996,heidelberg
5997,followers
5998,welding
5999,plaque
6000,firmware
6001,screening
6002,newfoundland
6003,loft
6004,antiques
6005,bouquets
6006,brothers
6007,lobby
6008,singapore
6009,homme
6010,roof
6011,leds
6012,guitarist
6013,carpets
6014,tent
6015,keep
6016,aniston
6017,crown
6018,dads
6019,showroom
6020,counseling
6021,karaoke
6022,pots
6023,mississauga
6024,hotels
6025,golfers
6026,sinks
6027,autodesk
6028,puppies
6029,hours
6030,redskins
6031,beads
6032,bridges
6033,cubes
6034,butterfly
6035,gundam
6036,reptiles
6037,thistle
6038,embryo
6039,greenwich
6040,corridor
6041,oprah
6042,faroe
6043,lace
6044,weddings
6045,owls
6046,comics
6047,galaxies
6048,cathedral
6049,homelessness
6050,cote
6051,bedfordshire
6052,afro
6053,howto
6054,liverpool
6055,makeover
6056,powerpc
6057,lettering
6058,sizes
6059,cookbooks
6060,collier
6061,bedfordshire
6062,exhausted
6063,advertisements
6064,childcare
6065,toddlers
6066,maps
6067,shorts
6068,rustic
6069,largest
6070,goggles
6071,paolo
6072,nfl
6073,poster
6074,lawn
6075,bamboo
6076,cinderella
6077,woodworking
6078,childcare
6079,suspended
6080,galway
6081,cookbook
6082,mosaic
6083,objects
6084,townhouse
6085,ferry
6086,protesters
6087,armstrong
6088,mgmt
6089,headphones
6090,asin
6091,basketball
6092,extensions
6093,spyware
6094,tahoe
6095,concept
6096,parrot
6097,cafes
6098,businessman
6099,judges
6100,myers
6101,bridge
6102,bloodhound
6103,layup
6104,hendrix
6105,pines
6106,fence
6107,courtroom
6108,dominic
6109,budgeting
6110,unidentified
6111,elephants
6112,mansion
6113,emirates
6114,turquoise
6115,facts
6116,vatican
6117,downtown
6118,euros
6119,automobile
6120,avon
6121,snakes
6122,prosecutors
6123,concept
6124,dragonfly
6125,cooking
6126,volleyball
6127,greenberg
6128,tights
6129,before
6130,penthouse
6131,dorset
6132,bananas
6133,colleges
6134,moscow
6135,suited
6136,remodeling
6137,fno
6138,snorkeling
6139,onions
6140,watering
6141,chile
6142,volcano
6143,shelves
